username,email,password,liked_songs
ava_hart,ava.hart@example.com,ava_hart_pw,1
ava_hart,ava.hart@example.com,ava_hart_pw,11
ava_hart,ava.hart@example.com,ava_hart_pw,3
ava_hart,ava.hart@example.com,ava_hart_pw,2
ava_hart,ava.hart@example.com,ava_hart_pw,4
noah_hart,noah.hart@example.com,noah_hart_pw,15
noah_hart,noah.hart@example.com,noah_hart_pw,6
noah_hart,noah.hart@example.com,noah_hart_pw,18
noah_hart,noah.hart@example.com,noah_hart_pw,17
noah_hart,noah.hart@example.com,noah_hart_pw,2
mia_hart,mia.hart@example.com,mia_hart_pw,9
mia_hart,mia.hart@example.com,mia_hart_pw,1
mia_hart,mia.hart@example.com,mia_hart_pw,3
mia_hart,mia.hart@example.com,mia_hart_pw,7
mia_hart,mia.hart@example.com,mia_hart_pw,28
liam_hart,liam.hart@example.com,liam_hart_pw,26
liam_hart,liam.hart@example.com,liam_hart_pw,25
liam_hart,liam.hart@example.com,liam_hart_pw,24
liam_hart,liam.hart@example.com,liam_hart_pw,21
liam_hart,liam.hart@example.com,liam_hart_pw,20
liam_hart,liam.hart@example.com,liam_hart_pw,19
liam_hart,liam.hart@example.com,liam_hart_pw,16
liam_hart,liam.hart@example.com,liam_hart_pw,15
liam_hart,liam.hart@example.com,liam_hart_pw,12
zoe_hart,zoe.hart@example.com,zoe_hart_pw,16
zoe_hart,zoe.hart@example.com,zoe_hart_pw,15
zoe_hart,zoe.hart@example.com,zoe_hart_pw,13
zoe_hart,zoe.hart@example.com,zoe_hart_pw,3
zoe_hart,zoe.hart@example.com,zoe_hart_pw,33
zoe_hart,zoe.hart@example.com,zoe_hart_pw,14
omar_hart,omar.hart@example.com,omar_hart_pw,24
omar_hart,omar.hart@example.com,omar_hart_pw,27
omar_hart,omar.hart@example.com,omar_hart_pw,1
omar_hart,omar.hart@example.com,omar_hart_pw,32
omar_hart,omar.hart@example.com,omar_hart_pw,7
lena_hart,lena.hart@example.com,lena_hart_pw,21
lena_hart,lena.hart@example.com,lena_hart_pw,6
lena_hart,lena.hart@example.com,lena_hart_pw,1
lena_hart,lena.hart@example.com,lena_hart_pw,3
lena_hart,lena.hart@example.com,lena_hart_pw,5
ivan_hart,ivan.hart@example.com,ivan_hart_pw,21
ivan_hart,ivan.hart@example.com,ivan_hart_pw,16
ivan_hart,ivan.hart@example.com,ivan_hart_pw,1
ivan_hart,ivan.hart@example.com,ivan_hart_pw,3
ivan_hart,ivan.hart@example.com,ivan_hart_pw,22
ivan_hart,ivan.hart@example.com,ivan_hart_pw,23
ivan_hart,ivan.hart@example.com,ivan_hart_pw,5
nina_hart,nina.hart@example.com,nina_hart_pw,21
nina_hart,nina.hart@example.com,nina_hart_pw,15
nina_hart,nina.hart@example.com,nina_hart_pw,3
nina_hart,nina.hart@example.com,nina_hart_pw,22
nina_hart,nina.hart@example.com,nina_hart_pw,17
nina_hart,nina.hart@example.com,nina_hart_pw,23
nina_hart,nina.hart@example.com,nina_hart_pw,5
nina_hart,nina.hart@example.com,nina_hart_pw,14
hugo_hart,hugo.hart@example.com,hugo_hart_pw,27
hugo_hart,hugo.hart@example.com,hugo_hart_pw,32
hugo_hart,hugo.hart@example.com,hugo_hart_pw,13
hugo_hart,hugo.hart@example.com,hugo_hart_pw,8
hugo_hart,hugo.hart@example.com,hugo_hart_pw,2
hugo_hart,hugo.hart@example.com,hugo_hart_pw,5
sara_hart,sara.hart@example.com,sara_hart_pw,24
sara_hart,sara.hart@example.com,sara_hart_pw,16
sara_hart,sara.hart@example.com,sara_hart_pw,27
sara_hart,sara.hart@example.com,sara_hart_pw,10
sara_hart,sara.hart@example.com,sara_hart_pw,3
theo_hart,theo.hart@example.com,theo_hart_pw,26
theo_hart,theo.hart@example.com,theo_hart_pw,25
theo_hart,theo.hart@example.com,theo_hart_pw,24
theo_hart,theo.hart@example.com,theo_hart_pw,21
theo_hart,theo.hart@example.com,theo_hart_pw,20
theo_hart,theo.hart@example.com,theo_hart_pw,19
theo_hart,theo.hart@example.com,theo_hart_pw,16
theo_hart,theo.hart@example.com,theo_hart_pw,15
theo_hart,theo.hart@example.com,theo_hart_pw,12
theo_hart,theo.hart@example.com,theo_hart_pw,31
theo_hart,theo.hart@example.com,theo_hart_pw,30
theo_hart,theo.hart@example.com,theo_hart_pw,27
theo_hart,theo.hart@example.com,theo_hart_pw,10
theo_hart,theo.hart@example.com,theo_hart_pw,9
theo_hart,theo.hart@example.com,theo_hart_pw,6
theo_hart,theo.hart@example.com,theo_hart_pw,1
theo_hart,theo.hart@example.com,theo_hart_pw,32
theo_hart,theo.hart@example.com,theo_hart_pw,18
theo_hart,theo.hart@example.com,theo_hart_pw,13
theo_hart,theo.hart@example.com,theo_hart_pw,11
theo_hart,theo.hart@example.com,theo_hart_pw,3
theo_hart,theo.hart@example.com,theo_hart_pw,29
theo_hart,theo.hart@example.com,theo_hart_pw,22
theo_hart,theo.hart@example.com,theo_hart_pw,17
theo_hart,theo.hart@example.com,theo_hart_pw,7
theo_hart,theo.hart@example.com,theo_hart_pw,33
theo_hart,theo.hart@example.com,theo_hart_pw,8
theo_hart,theo.hart@example.com,theo_hart_pw,2
theo_hart,theo.hart@example.com,theo_hart_pw,23
theo_hart,theo.hart@example.com,theo_hart_pw,5
theo_hart,theo.hart@example.com,theo_hart_pw,4
theo_hart,theo.hart@example.com,theo_hart_pw,14
theo_hart,theo.hart@example.com,theo_hart_pw,28
iris_hart,iris.hart@example.com,iris_hart_pw,16
iris_hart,iris.hart@example.com,iris_hart_pw,1
iris_hart,iris.hart@example.com,iris_hart_pw,33
iris_hart,iris.hart@example.com,iris_hart_pw,2
iris_hart,iris.hart@example.com,iris_hart_pw,4
milo_hart,milo.hart@example.com,milo_hart_pw,21
milo_hart,milo.hart@example.com,milo_hart_pw,20
milo_hart,milo.hart@example.com,milo_hart_pw,15
milo_hart,milo.hart@example.com,milo_hart_pw,22
milo_hart,milo.hart@example.com,milo_hart_pw,17
milo_hart,milo.hart@example.com,milo_hart_pw,14
ruby_hart,ruby.hart@example.com,ruby_hart_pw,1
ruby_hart,ruby.hart@example.com,ruby_hart_pw,3
ruby_hart,ruby.hart@example.com,ruby_hart_pw,2
ruby_hart,ruby.hart@example.com,ruby_hart_pw,5
ruby_hart,ruby.hart@example.com,ruby_hart_pw,4
kai_hart,kai.hart@example.com,kai_hart_pw,31
kai_hart,kai.hart@example.com,kai_hart_pw,10
kai_hart,kai.hart@example.com,kai_hart_pw,9
kai_hart,kai.hart@example.com,kai_hart_pw,1
kai_hart,kai.hart@example.com,kai_hart_pw,3
kai_hart,kai.hart@example.com,kai_hart_pw,2
elsa_hart,elsa.hart@example.com,elsa_hart_pw,24
elsa_hart,elsa.hart@example.com,elsa_hart_pw,19
elsa_hart,elsa.hart@example.com,elsa_hart_pw,16
elsa_hart,elsa.hart@example.com,elsa_hart_pw,15
elsa_hart,elsa.hart@example.com,elsa_hart_pw,27
elsa_hart,elsa.hart@example.com,elsa_hart_pw,6
elsa_hart,elsa.hart@example.com,elsa_hart_pw,1
elsa_hart,elsa.hart@example.com,elsa_hart_pw,32
elsa_hart,elsa.hart@example.com,elsa_hart_pw,18
elsa_hart,elsa.hart@example.com,elsa_hart_pw,13
elsa_hart,elsa.hart@example.com,elsa_hart_pw,11
elsa_hart,elsa.hart@example.com,elsa_hart_pw,29
elsa_hart,elsa.hart@example.com,elsa_hart_pw,22
elsa_hart,elsa.hart@example.com,elsa_hart_pw,17
elsa_hart,elsa.hart@example.com,elsa_hart_pw,7
jonas_hart,jonas.hart@example.com,jonas_hart_pw,24
jonas_hart,jonas.hart@example.com,jonas_hart_pw,10
jonas_hart,jonas.hart@example.com,jonas_hart_pw,1
jonas_hart,jonas.hart@example.com,jonas_hart_pw,3
jonas_hart,jonas.hart@example.com,jonas_hart_pw,2
maya_hart,maya.hart@example.com,maya_hart_pw,16
maya_hart,maya.hart@example.com,maya_hart_pw,12
maya_hart,maya.hart@example.com,maya_hart_pw,13
maya_hart,maya.hart@example.com,maya_hart_pw,33
maya_hart,maya.hart@example.com,maya_hart_pw,5
felix_hart,felix.hart@example.com,felix_hart_pw,31
felix_hart,felix.hart@example.com,felix_hart_pw,30
felix_hart,felix.hart@example.com,felix_hart_pw,27
felix_hart,felix.hart@example.com,felix_hart_pw,10
felix_hart,felix.hart@example.com,felix_hart_pw,9
felix_hart,felix.hart@example.com,felix_hart_pw,6
felix_hart,felix.hart@example.com,felix_hart_pw,1
clara_hart,clara.hart@example.com,clara_hart_pw,27
clara_hart,clara.hart@example.com,clara_hart_pw,9
clara_hart,clara.hart@example.com,clara_hart_pw,3
clara_hart,clara.hart@example.com,clara_hart_pw,7
clara_hart,clara.hart@example.com,clara_hart_pw,33
clara_hart,clara.hart@example.com,clara_hart_pw,2
otto_hart,otto.hart@example.com,otto_hart_pw,20
otto_hart,otto.hart@example.com,otto_hart_pw,19
otto_hart,otto.hart@example.com,otto_hart_pw,16
otto_hart,otto.hart@example.com,otto_hart_pw,15
otto_hart,otto.hart@example.com,otto_hart_pw,12
otto_hart,otto.hart@example.com,otto_hart_pw,18
otto_hart,otto.hart@example.com,otto_hart_pw,13
otto_hart,otto.hart@example.com,otto_hart_pw,11
otto_hart,otto.hart@example.com,otto_hart_pw,22
otto_hart,otto.hart@example.com,otto_hart_pw,17
otto_hart,otto.hart@example.com,otto_hart_pw,23
otto_hart,otto.hart@example.com,otto_hart_pw,14
lucia_hart,lucia.hart@example.com,lucia_hart_pw,25
lucia_hart,lucia.hart@example.com,lucia_hart_pw,10
lucia_hart,lucia.hart@example.com,lucia_hart_pw,18
lucia_hart,lucia.hart@example.com,lucia_hart_pw,33
lucia_hart,lucia.hart@example.com,lucia_hart_pw,8
lucia_hart,lucia.hart@example.com,lucia_hart_pw,2
arne_hart,arne.hart@example.com,arne_hart_pw,24
arne_hart,arne.hart@example.com,arne_hart_pw,10
arne_hart,arne.hart@example.com,arne_hart_pw,3
arne_hart,arne.hart@example.com,arne_hart_pw,29
arne_hart,arne.hart@example.com,arne_hart_pw,7
arne_hart,arne.hart@example.com,arne_hart_pw,8
arne_hart,arne.hart@example.com,arne_hart_pw,5
arne_hart,arne.hart@example.com,arne_hart_pw,28
tara_hart,tara.hart@example.com,tara_hart_pw,21
tara_hart,tara.hart@example.com,tara_hart_pw,16
tara_hart,tara.hart@example.com,tara_hart_pw,1
tara_hart,tara.hart@example.com,tara_hart_pw,3
tara_hart,tara.hart@example.com,tara_hart_pw,5
nils_hart,nils.hart@example.com,nils_hart_pw,24
nils_hart,nils.hart@example.com,nils_hart_pw,16
nils_hart,nils.hart@example.com,nils_hart_pw,31
nils_hart,nils.hart@example.com,nils_hart_pw,30
nils_hart,nils.hart@example.com,nils_hart_pw,27
nils_hart,nils.hart@example.com,nils_hart_pw,10
nils_hart,nils.hart@example.com,nils_hart_pw,6
nils_hart,nils.hart@example.com,nils_hart_pw,1
nils_hart,nils.hart@example.com,nils_hart_pw,18
nils_hart,nils.hart@example.com,nils_hart_pw,13
nils_hart,nils.hart@example.com,nils_hart_pw,11
nils_hart,nils.hart@example.com,nils_hart_pw,3
nils_hart,nils.hart@example.com,nils_hart_pw,7
nils_hart,nils.hart@example.com,nils_hart_pw,33
nils_hart,nils.hart@example.com,nils_hart_pw,28
hana_hart,hana.hart@example.com,hana_hart_pw,27
hana_hart,hana.hart@example.com,hana_hart_pw,10
hana_hart,hana.hart@example.com,hana_hart_pw,1
hana_hart,hana.hart@example.com,hana_hart_pw,3
hana_hart,hana.hart@example.com,hana_hart_pw,29
hana_hart,hana.hart@example.com,hana_hart_pw,28
ravi_hart,ravi.hart@example.com,ravi_hart_pw,20
ravi_hart,ravi.hart@example.com,ravi_hart_pw,19
ravi_hart,ravi.hart@example.com,ravi_hart_pw,16
ravi_hart,ravi.hart@example.com,ravi_hart_pw,3
ravi_hart,ravi.hart@example.com,ravi_hart_pw,5
elin_hart,elin.hart@example.com,elin_hart_pw,27
elin_hart,elin.hart@example.com,elin_hart_pw,9
elin_hart,elin.hart@example.com,elin_hart_pw,1
elin_hart,elin.hart@example.com,elin_hart_pw,3
elin_hart,elin.hart@example.com,elin_hart_pw,2
paulo_hart,paulo.hart@example.com,paulo_hart_pw,30
paulo_hart,paulo.hart@example.com,paulo_hart_pw,1
paulo_hart,paulo.hart@example.com,paulo_hart_pw,3
paulo_hart,paulo.hart@example.com,paulo_hart_pw,7
paulo_hart,paulo.hart@example.com,paulo_hart_pw,4
yuki_hart,yuki.hart@example.com,yuki_hart_pw,16
yuki_hart,yuki.hart@example.com,yuki_hart_pw,27
yuki_hart,yuki.hart@example.com,yuki_hart_pw,1
yuki_hart,yuki.hart@example.com,yuki_hart_pw,3
yuki_hart,yuki.hart@example.com,yuki_hart_pw,14
dara_hart,dara.hart@example.com,dara_hart_pw,26
dara_hart,dara.hart@example.com,dara_hart_pw,24
dara_hart,dara.hart@example.com,dara_hart_pw,21
dara_hart,dara.hart@example.com,dara_hart_pw,30
dara_hart,dara.hart@example.com,dara_hart_pw,27
dara_hart,dara.hart@example.com,dara_hart_pw,10
dara_hart,dara.hart@example.com,dara_hart_pw,1
dara_hart,dara.hart@example.com,dara_hart_pw,3
dara_hart,dara.hart@example.com,dara_hart_pw,29
dara_hart,dara.hart@example.com,dara_hart_pw,7
dara_hart,dara.hart@example.com,dara_hart_pw,4
dara_hart,dara.hart@example.com,dara_hart_pw,28
ines_hart,ines.hart@example.com,ines_hart_pw,16
ines_hart,ines.hart@example.com,ines_hart_pw,12
ines_hart,ines.hart@example.com,ines_hart_pw,31
ines_hart,ines.hart@example.com,ines_hart_pw,9
ines_hart,ines.hart@example.com,ines_hart_pw,32
ines_hart,ines.hart@example.com,ines_hart_pw,18
ines_hart,ines.hart@example.com,ines_hart_pw,13
ines_hart,ines.hart@example.com,ines_hart_pw,11
ines_hart,ines.hart@example.com,ines_hart_pw,3
matteo_hart,matteo.hart@example.com,matteo_hart_pw,21
matteo_hart,matteo.hart@example.com,matteo_hart_pw,20
matteo_hart,matteo.hart@example.com,matteo_hart_pw,19
matteo_hart,matteo.hart@example.com,matteo_hart_pw,16
matteo_hart,matteo.hart@example.com,matteo_hart_pw,15
matteo_hart,matteo.hart@example.com,matteo_hart_pw,12
matteo_hart,matteo.hart@example.com,matteo_hart_pw,6
matteo_hart,matteo.hart@example.com,matteo_hart_pw,18
matteo_hart,matteo.hart@example.com,matteo_hart_pw,13
matteo_hart,matteo.hart@example.com,matteo_hart_pw,11
matteo_hart,matteo.hart@example.com,matteo_hart_pw,22
matteo_hart,matteo.hart@example.com,matteo_hart_pw,17
matteo_hart,matteo.hart@example.com,matteo_hart_pw,23
matteo_hart,matteo.hart@example.com,matteo_hart_pw,4
matteo_hart,matteo.hart@example.com,matteo_hart_pw,14
freya_hart,freya.hart@example.com,freya_hart_pw,24
freya_hart,freya.hart@example.com,freya_hart_pw,19
freya_hart,freya.hart@example.com,freya_hart_pw,16
freya_hart,freya.hart@example.com,freya_hart_pw,12
freya_hart,freya.hart@example.com,freya_hart_pw,10
freya_hart,freya.hart@example.com,freya_hart_pw,9
freya_hart,freya.hart@example.com,freya_hart_pw,1
freya_hart,freya.hart@example.com,freya_hart_pw,11
freya_hart,freya.hart@example.com,freya_hart_pw,3
freya_hart,freya.hart@example.com,freya_hart_pw,22
freya_hart,freya.hart@example.com,freya_hart_pw,7
freya_hart,freya.hart@example.com,freya_hart_pw,33
freya_hart,freya.hart@example.com,freya_hart_pw,8
freya_hart,freya.hart@example.com,freya_hart_pw,2
freya_hart,freya.hart@example.com,freya_hart_pw,23
samir_hart,samir.hart@example.com,samir_hart_pw,25
samir_hart,samir.hart@example.com,samir_hart_pw,20
samir_hart,samir.hart@example.com,samir_hart_pw,18
samir_hart,samir.hart@example.com,samir_hart_pw,11
samir_hart,samir.hart@example.com,samir_hart_pw,17
luca_hart,luca.hart@example.com,luca_hart_pw,16
luca_hart,luca.hart@example.com,luca_hart_pw,1
luca_hart,luca.hart@example.com,luca_hart_pw,13
luca_hart,luca.hart@example.com,luca_hart_pw,11
luca_hart,luca.hart@example.com,luca_hart_pw,22
greta_hart,greta.hart@example.com,greta_hart_pw,26
greta_hart,greta.hart@example.com,greta_hart_pw,1
greta_hart,greta.hart@example.com,greta_hart_pw,33
greta_hart,greta.hart@example.com,greta_hart_pw,2
greta_hart,greta.hart@example.com,greta_hart_pw,4
